"Qual a duração do curso de Podologia - Tecnologia na UCS?", "2.5 anos"
"Quais os turnos do curso de Podologia - Tecnologia na UCS?", "Manhã-Tarde-Vespertino-Noite"
"Qual o objetivo de estudo do curso de Podologia - Tecnologia na UCS", "O Curso Superior de Tecnologia em Podologia habilitará o profissional a trabalhar com prevenção, manutenção da saúde e tratamento dos pés e anexos. A Podologia representa a área das ciências da Saúde responsável pelos cuidados no crescimento e desenvolvimento correto dos pés e da marcha, da prevenção de lesões do aparelho locomotor, do diagnóstico de patologias dos pés e unhas de maneira a evitar as incapacidades de caminhar, além de tratar dores relacionadas e melhorar a qualidade de vida do ser humano."
"O que faz um formado do curso de Podologia - Tecnologia na UCS?", "O/A Podólogo (a) é o (a) profissional devidamente habilitado (a)  a cuidar da saúde dos pés, sendo apto (a) a realizar cuidados de podoprofilaxia (prevenção), tratamento e orientações em relação a podopatias que afetam os membros inferiores. Sendo capaz de aplicar procedimentos terapêuticos e estéticos (cosméticos e cosmecêuticos), avaliar disfunções biomecânicas, realizar correções podológicas, além de tratamentar as afecções e infecções cutâneas e ungueais (das unhas).  Este profissional poderá atuar em:

Podologia Geral (Avaliação estática e dinâmica do pé)
Podopediatria (Tratamento do pé da criança)
Podologia Geriátrica (Tratamento do pé do idoso)
Pé de risco (Pé diabético, pé neurológico, pé vascular)
Podologia Desportiva (Avaliação e tratamento do pé do desportista)
Podologia laboral (Avaliação e análise do pé adaptado a cada situação profissional)
Podologia Preventiva (Prevenção das patologias/alterações do pé)
Podologia em oncologia (cuidados com pacientes em tratamento)"
